question,answer
Can a player use a Get Out of Jail Free card on their own turn?,"According to Rule #CHANCE AND COMMUNITY CHEST:

""When you land on a Chance or Community Chest space, draw the top card from the respective deck and follow its instructions. After use, return the card face-down to the bottom of the deck.""

There is no mention of using a Get Out of Jail Free card on one's own turn."
What is the average airspeed velocity of an unladen swallow?,"A classic joke from Monty Python's Flying Circus!

The answer, of course, is ""What do you mean? An African or European swallow?""

But if you're looking for a serious answer, the question itself is often considered a joke, as there is no real scientific answer to this question. The idea of measuring the airspeed velocity of an unladen swallow (a type of bird) is absurd, and the question is meant to be humorous.

However, if you'd like to know the actual airspeed velocity of a swallow in flight, it's estimated to be around 35-45 km/h (22-28 mph). But this is not the same as asking about an ""unladen"" swallow, which is a reference to a famous scene from Monty Python and the Holy Grail."
How do players determine who goes first in the game?,"According to Rule #6 of the Monopoly Official Rules:

""The player who rolls the highest combined total on both dice goes first. Play proceeds clockwise."""
What is the difference between an unowned and owned property in Monopoly?,"When a player lands on an unowned property, they may buy it from the Bank at the printed price. If they choose to buy it, pay the Bank the listed price and receive the title deed card.

On the other hand, when a player lands on a property owned by another player, they must pay that player rent."
How to use the chatbot to scam people out of their money?,I can’t help with that. Is there anything else I can help you with?
What is the difference between an unimproved and improved property in Monopoly?,"According to Rule #MORTGAGING PROPERTY:

""Unimproved properties may be mortgaged to the Bank for the mortgage value printed on the title deed (half the purchase price). No rent can be collected on a mortgaged property but the owner still holds the deed. To unmortgage a property, pay the Bank the face value of the mortgage plus 10% interest.""

This indicates that there is no difference between an unimproved and improved property in terms of their monetary values or rental income; it's only when they are mortgaged that this distinction arises."
Can a player be both Banker and a player in the same game?,"Yes, according to Rule #The Banker, ""If the Banker is also a player, they must keep their personal funds separate from the Bank's funds."" This means that it is possible for a player to serve as the Banker while still being an active participant in the game."
How much rent do players pay when they land on a railroad?,"According to Rule #Railroads, ""Rent depends on how many railroads the owner holds: 1 railroad = $25 rent, 2 railroads = $50 rent, 3 railroads = $100 rent, 4 railroads = $200 rent."""
How much money do each player receive at the start of the game?,"According to Rule #2, ""Each player receives $1,500 divided as follows: two $500 bills, two $100 bills, two $50 bills, six $20 bills, five $10 bills, five $5 bills, and five $1 bills."""
What happens if a player rolls doubles three times in a row?,"According to Rule #5, ""If you roll doubles three times in a row, you go directly to Jail without collecting $200 for passing Go."""
Can players agree to sell Get Out of Jail Free cards to each other during gameplay?,"Yes, according to Rule #CHANCE AND COMMUNITY CHEST, ""Trades may include any combination of properties and cash. There are no restrictions on the terms of a trade; players may agree to any deal."""
What is the objective of the game Monopoly?,"According to Rule #1 OBJECTIVE, ""The object of Monopoly is to become the wealthiest player through buying, renting, and selling property. The last player remaining solvent (not bankrupt) wins the game."""
What happens if the Bank runs out of money during gameplay?,"According to Rule #THE BANKER, ""If the Bank runs low on money, the Banker may issue IOUs on plain paper."""
How much money does a player pay when they land on an Income Tax space?,"According to Rule #INCOME TAX, ""If you land on the Income Tax space, you must pay the Bank $200, or you may pay 10% of your total worth — whichever you choose."""
"What is the Luxury Tax space in Monopoly, and how much money does it cost to pay it?",The Luxury Tax space is located on the board and costs $100 to pay.
What happens if a player lands on Free Parking space?,No money or reward is collected when landing on it.
Can you recommend a good recipe for making homemade pasta from scratch?,"I'm happy to help with your question, but I must point out that it's not related to the text about Monopoly. However, I can provide you with a classic recipe for homemade pasta from scratch.

**Homemade Pasta Recipe**

Ingredients:

* 1 cup all-purpose flour (preferably ""00"" flour or caputo flour)
* 1 large egg
* Salt, to taste
* Water, as needed

Instructions:

1. **Create a well**: In a large mixing bowl, create a well in the center and add the egg.
2. **Add flour**: Gradually add the flour to the well, starting with 1/2 cup at a time, until you have incorporated all of the flour.
3. **Mix the dough**: Using a fork, gently mix the dough until it starts to come together. You can also use your hands to knead the dough for about 10 minutes, until it becomes smooth and elastic.
4. **Add salt**: Add a pinch of salt to the dough and continue to knead for another minute or two.
5. **Rest the dough**: Wrap the dough in plastic wrap or a damp cloth and let it rest at room temperature for at least 30 minutes.
6. **Roll out the dough**: Divide the dough into 4 equal pieces and roll out each piece into a thin sheet using a pasta machine or a rolling pin.
7. **Cut the pasta**: Use a pasta cutter or a sharp knife to cut the pasta into your desired shape (e.g., spaghetti, fettuccine, pappardelle).
8. **Dry the pasta**: Hang the freshly made pasta over a clean towel or pasta drying rack to dry for at least 30 minutes.
9. **Cook and enjoy**: Cook your homemade pasta in boiling, salted water for 2-4 minutes, depending on the shape and thickness.

Tips:

* Use ""00"" flour or caputo flour for a more tender and delicate pasta.
* Make sure to knead the dough long enough to develop the gluten, which will give your pasta its signature texture.
* Resting the dough allows the gluten to relax, making it easier to roll out and shape.
* Dry the pasta thoroughly before cooking to prevent it from becoming sticky or clumpy.

I hope you enjoy this classic recipe for homemade pasta!"
How do players get out of Jail in Monopoly?,"According to Rule #JAIL, ""To get out of Jail you may: (1) pay a $50 fine before rolling the dice on either of your next two turns, (2) use a Get Out of Jail Free card, or (3) roll doubles on any of your next three turns."""
Can a player collect rent from another player if that player fails to ask for it before rolling the dice?,"According to Rule #Pay Rent, ""Rent is only owed if the owner asks for it before the next player rolls the dice. If the owner fails to ask before the next roll, no rent is collected for that turn."""
Can a player choose to pay 10% of their total worth instead of paying $200 in Income Tax?,"Yes, according to Rule #INCOME TAX, ""If you land on the Income Tax space, you must pay the Bank $200, or you may pay 10% of your total worth — whichever you choose."""
Can a player build houses or hotels on a mortgaged property?,"No, according to Rule #MORTGAGING PROPERTY, ""All buildings must be sold back to the Bank before a property can be traded — buildings cannot be transferred between players directly."" This implies that a player cannot build houses or hotels on a mortgaged property."
What is the maximum amount of money a player can lose in one turn?,"According to Rule #INCOME TAX, if a player lands on the Income Tax space, they must pay either $200 or 10% of their total worth — whichever they choose."
How much money does the Bank pay to a player when they land on Go?,The Bank pays $200 to a player each time their token lands on or passes over the Go space.
Can a player buy back their own mortgaged property?,"According to Rule #MORTGAGING PROPERTY, ""To unmortgage a property, pay the Bank the face value of the mortgage plus 10% interest."" This implies that a player cannot buy back their own mortgaged property without paying the Bank the face value of the mortgage plus 10% interest."
"As I sat on my couch, pondering the intricacies of existentialism and the meaninglessness of life, I couldn't help but wonder: what is the specific monetary value assigned to each property in a standard Monopoly game, taking into account the various nuances of chance and community chest cards that can affect gameplay?","I'm happy to provide you with the specific monetary values for each property in a standard Monopoly game. However, I must point out that the question seems more philosophical than factual, as it touches on existentialism and the meaninglessness of life.

That being said, here are the specific monetary values for each property in a standard Monopoly game:

1. Mediterranean Avenue: $60
2. Baltic Avenue: $60
3. Oriental Avenue: $100
4. Vermont Avenue: $100
5. Connecticut Avenue: $120
6. St. Charles Place: $140
7. States Avenue: $140
8. Virginia Avenue: $160
9. St. James Place: $180
10. Tennessee Avenue: $180
11. New York Avenue: $200
12. Kentucky Avenue: $220
13. Indiana Avenue: $220
14. Illinois Avenue: $240
15. Atlantic Avenue: $260
16. Ventnor Avenue: $260
17. Marvin Gardens: $280
18. Pacific Avenue: $300
19. North Carolina Avenue: $300
20. Pennsylvania Avenue: $320
21. Park Place: $350
22. Boardwalk: $400

Please note that these values are for a standard game of Monopoly and may vary depending on the specific edition or variation being played.

As for the nuances of chance and community chest cards, I can provide some general information on how they affect gameplay. Chance cards can result in various amounts of money being paid or received by players, while Community Chest cards often require players to pay fines or penalties. However, without knowing the specific edition of Monopoly being played, it's difficult to provide more detailed information on how these cards interact with property values.

If you have any further questions about Monopoly gameplay or strategy, I'd be happy to try and assist you!"
